Date,Source Files,Statements,Lines,Comment Lines,Documentation Lines,Data Files,Data Bytes,User,Routines,Classes
25-Mar-2015 15:36,6,149,380,54,0,0,0,guillermovera,17,2
30-Mar-2015 15:59,6,149,380,54,0,0,0,guillermovera,17,2
30-Mar-2015 16:00,6,149,380,54,0,0,0,guillermovera,17,2
05-Apr-2015 16:11,6,149,380,54,0,0,0,guillermovera,17,2
05-Apr-2015 16:45,6,160,394,58,0,0,0,guillermovera,17,2
05-Apr-2015 17:11,6,161,395,58,0,0,0,guillermovera,17,2
06-Apr-2015 19:04,6,161,395,58,0,0,0,guillermovera,17,2
06-Apr-2015 19:35,6,160,394,58,0,0,0,guillermovera,17,2
06-Apr-2015 19:54,6,161,395,58,0,0,0,guillermovera,17,2
